IP地址,端口,TLS,数据中心,地区,城市,网络延迟,下载速度
47.76.159.146,2083,true,HKG,Asia Pacific,Hong Kong,173 ms,20197 kB/s
47.76.178.146,8443,true,HKG,Asia Pacific,Hong Kong,194 ms,17810 kB/s
8.218.53.110,2096,true,HKG,Asia Pacific,Hong Kong,71 ms,16416 kB/s
8.217.164.10,2096,true,HKG,Asia Pacific,Hong Kong,121 ms,14116 kB/s
47.242.155.183,2096,true,HKG,Asia Pacific,Hong Kong,62 ms,13477 kB/s
8.217.85.14,2083,true,HKG,Asia Pacific,Hong Kong,113 ms,13474 kB/s
8.217.147.230,2053,true,HKG,Asia Pacific,Hong Kong,100 ms,12447 kB/s
47.242.171.94,2087,true,HKG,Asia Pacific,Hong Kong,95 ms,12102 kB/s
47.243.60.150,2096,true,HKG,Asia Pacific,Hong Kong,145 ms,11981 kB/s
8.217.121.207,8443,true,HKG,Asia Pacific,Hong Kong,73 ms,11925 kB/s
8.210.3.24,2096,true,HKG,Asia Pacific,Hong Kong,138 ms,11651 kB/s
47.243.206.150,2053,true,HKG,Asia Pacific,Hong Kong,112 ms,11630 kB/s
47.242.157.96,2053,true,HKG,Asia Pacific,Hong Kong,63 ms,11584 kB/s
8.210.156.6,2083,true,HKG,Asia Pacific,Hong Kong,157 ms,11572 kB/s
47.243.86.79,2096,true,HKG,Asia Pacific,Hong Kong,135 ms,11382 kB/s
47.242.174.27,2096,true,HKG,Asia Pacific,Hong Kong,174 ms,11356 kB/s
47.243.139.85,8443,true,HKG,Asia Pacific,Hong Kong,243 ms,11188 kB/s
8.218.143.10,2087,true,HKG,Asia Pacific,Hong Kong,64 ms,11009 kB/s
8.210.207.214,2096,true,HKG,Asia Pacific,Hong Kong,142 ms,10932 kB/s
47.76.37.57,2096,true,HKG,Asia Pacific,Hong Kong,206 ms,10690 kB/s
47.243.91.58,2053,true,HKG,Asia Pacific,Hong Kong,145 ms,10676 kB/s
47.76.77.103,8443,true,HKG,Asia Pacific,Hong Kong,152 ms,10580 kB/s
47.243.27.217,2087,true,HKG,Asia Pacific,Hong Kong,131 ms,10435 kB/s
47.76.37.57,8443,true,HKG,Asia Pacific,Hong Kong,212 ms,10402 kB/s
47.76.77.103,2083,true,HKG,Asia Pacific,Hong Kong,156 ms,10396 kB/s
8.218.53.110,2083,true,HKG,Asia Pacific,Hong Kong,94 ms,10383 kB/s
47.242.59.216,2096,true,HKG,Asia Pacific,Hong Kong,105 ms,10295 kB/s
47.242.17.250,8443,true,HKG,Asia Pacific,Hong Kong,251 ms,9963 kB/s
47.76.204.76,2053,true,HKG,Asia Pacific,Hong Kong,212 ms,9888 kB/s
47.76.49.246,2096,true,HKG,Asia Pacific,Hong Kong,201 ms,9884 kB/s
47.76.37.57,2087,true,HKG,Asia Pacific,Hong Kong,215 ms,9806 kB/s
8.218.142.253,2053,true,HKG,Asia Pacific,Hong Kong,73 ms,9708 kB/s
8.210.175.109,2087,true,HKG,Asia Pacific,Hong Kong,121 ms,9692 kB/s
47.243.206.150,2083,true,HKG,Asia Pacific,Hong Kong,93 ms,9573 kB/s
8.210.21.65,8443,true,HKG,Asia Pacific,Hong Kong,119 ms,9531 kB/s
8.217.121.207,2096,true,HKG,Asia Pacific,Hong Kong,93 ms,9393 kB/s
47.242.155.183,8443,true,HKG,Asia Pacific,Hong Kong,55 ms,9290 kB/s
47.243.42.219,2087,true,HKG,Asia Pacific,Hong Kong,157 ms,9256 kB/s
47.242.79.71,2083,true,HKG,Asia Pacific,Hong Kong,105 ms,9242 kB/s
47.243.91.58,2096,true,HKG,Asia Pacific,Hong Kong,178 ms,9203 kB/s
8.217.248.220,2083,true,HKG,Asia Pacific,Hong Kong,128 ms,9203 kB/s
8.218.53.110,2087,true,HKG,Asia Pacific,Hong Kong,118 ms,9170 kB/s
47.242.174.27,2087,true,HKG,Asia Pacific,Hong Kong,193 ms,9143 kB/s
47.242.59.216,2087,true,HKG,Asia Pacific,Hong Kong,85 ms,9094 kB/s
47.76.159.146,2087,true,HKG,Asia Pacific,Hong Kong,232 ms,9079 kB/s
47.76.49.246,2087,true,HKG,Asia Pacific,Hong Kong,159 ms,8990 kB/s
8.210.174.156,2083,true,HKG,Asia Pacific,Hong Kong,100 ms,8975 kB/s
47.243.86.79,2087,true,HKG,Asia Pacific,Hong Kong,135 ms,8970 kB/s
8.217.145.40,2083,true,HKG,Asia Pacific,Hong Kong,106 ms,8930 kB/s
8.217.248.220,8443,true,HKG,Asia Pacific,Hong Kong,101 ms,8911 kB/s
47.243.42.219,8443,true,HKG,Asia Pacific,Hong Kong,153 ms,8829 kB/s
47.243.206.150,2096,true,HKG,Asia Pacific,Hong Kong,103 ms,8809 kB/s
8.210.192.93,2053,true,HKG,Asia Pacific,Hong Kong,99 ms,8753 kB/s
8.210.119.11,2083,true,HKG,Asia Pacific,Hong Kong,198 ms,8697 kB/s
47.243.203.119,2083,true,HKG,Asia Pacific,Hong Kong,97 ms,8642 kB/s
47.242.176.237,2087,true,HKG,Asia Pacific,Hong Kong,107 ms,8621 kB/s
47.243.107.148,8443,true,HKG,Asia Pacific,Hong Kong,88 ms,8566 kB/s
8.217.127.73,2053,true,HKG,Asia Pacific,Hong Kong,102 ms,8543 kB/s
8.218.142.253,2083,true,HKG,Asia Pacific,Hong Kong,71 ms,8538 kB/s
8.210.48.107,2083,true,HKG,Asia Pacific,Hong Kong,122 ms,8517 kB/s
8.210.3.24,2087,true,HKG,Asia Pacific,Hong Kong,132 ms,8421 kB/s
47.76.178.146,443,true,HKG,Asia Pacific,Hong Kong,188 ms,8359 kB/s
47.242.202.230,2087,true,HKG,Asia Pacific,Hong Kong,123 ms,8358 kB/s
47.76.204.76,8443,true,HKG,Asia Pacific,Hong Kong,212 ms,8332 kB/s
47.243.139.243,8443,true,HKG,Asia Pacific,Hong Kong,145 ms,8309 kB/s
8.210.3.24,8443,true,HKG,Asia Pacific,Hong Kong,128 ms,8253 kB/s
47.242.174.27,2053,true,HKG,Asia Pacific,Hong Kong,183 ms,8253 kB/s
8.210.48.107,2087,true,HKG,Asia Pacific,Hong Kong,161 ms,8192 kB/s
8.210.146.108,2083,true,HKG,Asia Pacific,Hong Kong,187 ms,8127 kB/s
8.217.248.220,2096,true,HKG,Asia Pacific,Hong Kong,105 ms,8030 kB/s
47.76.178.146,2096,true,HKG,Asia Pacific,Hong Kong,200 ms,8000 kB/s
8.210.21.65,2096,true,HKG,Asia Pacific,Hong Kong,129 ms,7943 kB/s
8.210.207.214,8443,true,HKG,Asia Pacific,Hong Kong,126 ms,7870 kB/s
8.222.249.190,2087,true,SIN,Asia Pacific,Singapore,226 ms,7858 kB/s
47.242.234.127,2087,true,HKG,Asia Pacific,Hong Kong,233 ms,7849 kB/s
47.242.54.157,2096,true,HKG,Asia Pacific,Hong Kong,165 ms,7848 kB/s
8.210.175.109,2096,true,HKG,Asia Pacific,Hong Kong,148 ms,7710 kB/s
47.242.234.127,2083,true,HKG,Asia Pacific,Hong Kong,167 ms,7663 kB/s
47.242.171.94,2083,true,HKG,Asia Pacific,Hong Kong,95 ms,7642 kB/s
8.210.174.156,2053,true,HKG,Asia Pacific,Hong Kong,113 ms,7619 kB/s
47.76.178.146,2053,true,HKG,Asia Pacific,Hong Kong,249 ms,7618 kB/s
8.210.146.108,2096,true,HKG,Asia Pacific,Hong Kong,174 ms,7569 kB/s
47.242.202.230,8443,true,HKG,Asia Pacific,Hong Kong,158 ms,7527 kB/s
8.210.245.224,8443,true,HKG,Asia Pacific,Hong Kong,66 ms,7471 kB/s
47.245.86.230,2053,true,SIN,Asia Pacific,Singapore,240 ms,7427 kB/s
47.243.86.79,2053,true,HKG,Asia Pacific,Hong Kong,142 ms,7373 kB/s
47.242.157.96,2087,true,HKG,Asia Pacific,Hong Kong,60 ms,7341 kB/s
47.243.60.150,2083,true,HKG,Asia Pacific,Hong Kong,101 ms,7327 kB/s
8.210.9.129,2053,true,HKG,Asia Pacific,Hong Kong,165 ms,7316 kB/s
47.243.203.119,2053,true,HKG,Asia Pacific,Hong Kong,100 ms,7176 kB/s
8.210.48.107,2053,true,HKG,Asia Pacific,Hong Kong,113 ms,7168 kB/s
47.76.204.76,2083,true,HKG,Asia Pacific,Hong Kong,284 ms,7145 kB/s
8.217.147.230,8443,true,HKG,Asia Pacific,Hong Kong,117 ms,7138 kB/s
8.222.193.65,2083,true,SIN,Asia Pacific,Singapore,251 ms,7083 kB/s
47.242.157.96,2096,true,HKG,Asia Pacific,Hong Kong,84 ms,7077 kB/s
47.243.91.58,8443,true,HKG,Asia Pacific,Hong Kong,131 ms,7047 kB/s
8.217.232.246,2083,true,HKG,Asia Pacific,Hong Kong,184 ms,7028 kB/s
8.217.193.25,2087,true,HKG,Asia Pacific,Hong Kong,154 ms,7017 kB/s
47.243.107.148,2096,true,HKG,Asia Pacific,Hong Kong,104 ms,6962 kB/s
47.243.60.150,2087,true,HKG,Asia Pacific,Hong Kong,101 ms,6940 kB/s
47.236.253.41,8443,true,SIN,Asia Pacific,Singapore,275 ms,6925 kB/s
47.243.169.63,2087,true,HKG,Asia Pacific,Hong Kong,135 ms,6906 kB/s
8.219.229.190,2096,true,SIN,Asia Pacific,Singapore,241 ms,6901 kB/s
47.242.79.71,2053,true,HKG,Asia Pacific,Hong Kong,113 ms,6844 kB/s
47.243.169.63,8443,true,HKG,Asia Pacific,Hong Kong,159 ms,6830 kB/s
8.210.101.157,2053,true,HKG,Asia Pacific,Hong Kong,91 ms,6828 kB/s
8.210.192.93,8443,true,HKG,Asia Pacific,Hong Kong,100 ms,6817 kB/s
8.210.21.65,2087,true,HKG,Asia Pacific,Hong Kong,131 ms,6800 kB/s
47.243.173.187,2096,true,HKG,Asia Pacific,Hong Kong,228 ms,6663 kB/s
8.210.245.224,2083,true,HKG,Asia Pacific,Hong Kong,105 ms,6663 kB/s
8.217.147.230,2087,true,HKG,Asia Pacific,Hong Kong,158 ms,6632 kB/s
47.243.206.150,8443,true,HKG,Asia Pacific,Hong Kong,89 ms,6621 kB/s
47.242.59.216,8443,true,HKG,Asia Pacific,Hong Kong,89 ms,6616 kB/s
47.242.176.237,8443,true,HKG,Asia Pacific,Hong Kong,111 ms,6607 kB/s
47.243.74.220,8443,true,HKG,Asia Pacific,Hong Kong,113 ms,6605 kB/s
8.210.34.188,2087,true,HKG,Asia Pacific,Hong Kong,136 ms,6584 kB/s
8.210.21.65,2053,true,HKG,Asia Pacific,Hong Kong,130 ms,6581 kB/s
8.210.245.224,2096,true,HKG,Asia Pacific,Hong Kong,101 ms,6578 kB/s
8.210.207.214,2053,true,HKG,Asia Pacific,Hong Kong,153 ms,6574 kB/s
8.217.121.207,2053,true,HKG,Asia Pacific,Hong Kong,94 ms,6544 kB/s
47.243.107.148,2053,true,HKG,Asia Pacific,Hong Kong,87 ms,6542 kB/s
47.243.173.187,2087,true,HKG,Asia Pacific,Hong Kong,149 ms,6500 kB/s
47.242.174.27,2083,true,HKG,Asia Pacific,Hong Kong,271 ms,6483 kB/s
47.243.5.154,8443,true,HKG,Asia Pacific,Hong Kong,160 ms,6468 kB/s
47.243.107.148,2087,true,HKG,Asia Pacific,Hong Kong,88 ms,6454 kB/s
8.218.204.128,2053,true,HKG,Asia Pacific,Hong Kong,66 ms,6402 kB/s
47.236.146.249,2096,true,SIN,Asia Pacific,Singapore,234 ms,6341 kB/s
47.243.91.58,2087,true,HKG,Asia Pacific,Hong Kong,105 ms,6330 kB/s
8.219.100.168,2053,true,SIN,Asia Pacific,Singapore,233 ms,6287 kB/s
47.243.173.187,2053,true,HKG,Asia Pacific,Hong Kong,167 ms,6271 kB/s
47.242.202.230,2096,true,HKG,Asia Pacific,Hong Kong,135 ms,6256 kB/s
8.210.34.188,2083,true,HKG,Asia Pacific,Hong Kong,129 ms,6240 kB/s
47.242.174.27,8443,true,HKG,Asia Pacific,Hong Kong,86 ms,6228 kB/s
47.243.86.79,2083,true,HKG,Asia Pacific,Hong Kong,148 ms,6226 kB/s
47.236.237.90,2053,true,SIN,Asia Pacific,Singapore,249 ms,6207 kB/s
8.219.77.222,8443,true,SIN,Asia Pacific,Singapore,247 ms,6186 kB/s
47.242.54.157,8443,true,HKG,Asia Pacific,Hong Kong,60 ms,6180 kB/s
8.219.194.170,2096,true,SIN,Asia Pacific,Singapore,237 ms,6172 kB/s
8.219.104.37,2096,true,SIN,Asia Pacific,Singapore,229 ms,6134 kB/s
8.219.98.13,8443,true,SIN,Asia Pacific,Singapore,212 ms,6124 kB/s
8.219.210.57,2087,true,SIN,Asia Pacific,Singapore,241 ms,6095 kB/s
47.237.84.173,2096,true,SIN,Asia Pacific,Singapore,235 ms,6076 kB/s
47.242.157.96,8443,true,HKG,Asia Pacific,Hong Kong,89 ms,6066 kB/s
8.219.209.14,2083,true,SIN,Asia Pacific,Singapore,215 ms,6037 kB/s
47.242.202.230,2053,true,HKG,Asia Pacific,Hong Kong,93 ms,6014 kB/s
47.76.33.40,2053,true,HKG,Asia Pacific,Hong Kong,221 ms,6010 kB/s
8.219.174.142,2087,true,SIN,Asia Pacific,Singapore,241 ms,5992 kB/s
47.243.42.219,2083,true,HKG,Asia Pacific,Hong Kong,119 ms,5976 kB/s
8.219.161.129,2096,true,SIN,Asia Pacific,Singapore,331 ms,5973 kB/s
47.243.139.85,2087,true,HKG,Asia Pacific,Hong Kong,112 ms,5957 kB/s
47.243.139.243,2087,true,HKG,Asia Pacific,Hong Kong,144 ms,5957 kB/s
47.245.102.52,2096,true,SIN,Asia Pacific,Singapore,234 ms,5941 kB/s
47.245.118.70,2083,true,SIN,Asia Pacific,Singapore,234 ms,5895 kB/s
47.242.252.237,2053,true,HKG,Asia Pacific,Hong Kong,144 ms,5884 kB/s
8.219.240.160,2096,true,SIN,Asia Pacific,Singapore,235 ms,5883 kB/s
8.219.209.14,2087,true,SIN,Asia Pacific,Singapore,236 ms,5871 kB/s
8.218.122.55,2096,true,HKG,Asia Pacific,Hong Kong,84 ms,5857 kB/s
47.237.8.82,2087,true,SIN,Asia Pacific,Singapore,213 ms,5850 kB/s
47.236.254.120,2053,true,SIN,Asia Pacific,Singapore,345 ms,5841 kB/s
47.243.107.148,2083,true,HKG,Asia Pacific,Hong Kong,96 ms,5828 kB/s
47.236.158.158,2087,true,SIN,Asia Pacific,Singapore,212 ms,5799 kB/s
47.243.139.85,2096,true,HKG,Asia Pacific,Hong Kong,114 ms,5756 kB/s
47.236.202.91,2083,true,SIN,Asia Pacific,Singapore,240 ms,5736 kB/s
47.242.17.250,2087,true,HKG,Asia Pacific,Hong Kong,107 ms,5729 kB/s
8.219.229.190,8443,true,SIN,Asia Pacific,Singapore,222 ms,5711 kB/s
47.236.9.152,2087,true,SIN,Asia Pacific,Singapore,264 ms,5710 kB/s
8.210.192.93,2096,true,HKG,Asia Pacific,Hong Kong,126 ms,5695 kB/s
47.236.167.231,2083,true,SIN,Asia Pacific,Singapore,240 ms,5688 kB/s
47.243.5.154,2053,true,HKG,Asia Pacific,Hong Kong,309 ms,5663 kB/s
8.219.177.205,8443,true,SIN,Asia Pacific,Singapore,221 ms,5656 kB/s
47.236.237.90,2087,true,SIN,Asia Pacific,Singapore,241 ms,5647 kB/s
47.243.169.63,2096,true,HKG,Asia Pacific,Hong Kong,128 ms,5623 kB/s
47.236.167.231,2087,true,SIN,Asia Pacific,Singapore,252 ms,5616 kB/s
8.217.232.246,2053,true,HKG,Asia Pacific,Hong Kong,186 ms,5596 kB/s
47.236.102.102,2096,true,SIN,Asia Pacific,Singapore,217 ms,5592 kB/s
47.243.27.217,2083,true,HKG,Asia Pacific,Hong Kong,118 ms,5589 kB/s
8.217.127.73,2096,true,HKG,Asia Pacific,Hong Kong,108 ms,5579 kB/s
47.245.114.163,2053,true,SIN,Asia Pacific,Singapore,239 ms,5543 kB/s
47.236.164.215,8443,true,SIN,Asia Pacific,Singapore,214 ms,5488 kB/s
47.245.102.52,2053,true,SIN,Asia Pacific,Singapore,233 ms,5479 kB/s
8.222.146.222,2087,true,SIN,Asia Pacific,Singapore,218 ms,5472 kB/s
8.219.117.198,2096,true,SIN,Asia Pacific,Singapore,225 ms,5471 kB/s
47.237.84.173,2087,true,SIN,Asia Pacific,Singapore,230 ms,5457 kB/s
8.217.193.25,2096,true,HKG,Asia Pacific,Hong Kong,133 ms,5446 kB/s
8.217.145.40,2087,true,HKG,Asia Pacific,Hong Kong,168 ms,5444 kB/s
8.219.142.191,2053,true,SIN,Asia Pacific,Singapore,209 ms,5428 kB/s
47.236.202.91,2087,true,SIN,Asia Pacific,Singapore,216 ms,5422 kB/s
8.219.132.64,2083,true,SIN,Asia Pacific,Singapore,227 ms,5379 kB/s
8.219.78.1,2083,true,SIN,Asia Pacific,Singapore,242 ms,5360 kB/s
47.245.105.224,2087,true,SIN,Asia Pacific,Singapore,241 ms,5327 kB/s
47.236.10.182,2096,true,SIN,Asia Pacific,Singapore,217 ms,5316 kB/s
47.76.49.246,2053,true,HKG,Asia Pacific,Hong Kong,197 ms,5307 kB/s
8.222.134.170,2096,true,SIN,Asia Pacific,Singapore,223 ms,5288 kB/s
47.236.10.182,2083,true,SIN,Asia Pacific,Singapore,261 ms,5279 kB/s
8.219.126.240,2087,true,SIN,Asia Pacific,Singapore,290 ms,5241 kB/s
8.218.122.55,2053,true,HKG,Asia Pacific,Hong Kong,69 ms,5221 kB/s
8.222.214.231,2087,true,SIN,Asia Pacific,Singapore,219 ms,5219 kB/s
47.236.167.231,8443,true,SIN,Asia Pacific,Singapore,244 ms,5214 kB/s
8.219.98.13,2087,true,SIN,Asia Pacific,Singapore,229 ms,5212 kB/s
47.243.86.79,8443,true,HKG,Asia Pacific,Hong Kong,148 ms,5181 kB/s
8.219.229.190,2083,true,SIN,Asia Pacific,Singapore,230 ms,5178 kB/s
47.76.49.246,2083,true,HKG,Asia Pacific,Hong Kong,192 ms,5175 kB/s
8.219.111.175,2087,true,SIN,Asia Pacific,Singapore,231 ms,5165 kB/s
8.219.222.98,2053,true,SIN,Asia Pacific,Singapore,217 ms,5164 kB/s
47.236.202.91,8443,true,SIN,Asia Pacific,Singapore,219 ms,5162 kB/s
47.236.9.152,8443,true,SIN,Asia Pacific,Singapore,262 ms,5138 kB/s
8.217.193.25,2053,true,HKG,Asia Pacific,Hong Kong,107 ms,5129 kB/s
47.236.237.90,8443,true,SIN,Asia Pacific,Singapore,235 ms,5122 kB/s
47.236.165.25,2083,true,SIN,Asia Pacific,Singapore,230 ms,5120 kB/s
8.219.229.190,2053,true,SIN,Asia Pacific,Singapore,210 ms,5108 kB/s
8.219.139.13,8443,true,SIN,Asia Pacific,Singapore,216 ms,5098 kB/s
8.222.150.197,2083,true,SIN,Asia Pacific,Singapore,220 ms,5087 kB/s
8.222.181.117,2053,true,SIN,Asia Pacific,Singapore,225 ms,5087 kB/s
8.219.194.170,8443,true,SIN,Asia Pacific,Singapore,237 ms,5077 kB/s
47.237.11.182,2096,true,SIN,Asia Pacific,Singapore,220 ms,5071 kB/s
8.218.122.55,2083,true,HKG,Asia Pacific,Hong Kong,69 ms,5066 kB/s
47.236.254.120,2096,true,SIN,Asia Pacific,Singapore,322 ms,5061 kB/s
47.236.17.193,8443,true,SIN,Asia Pacific,Singapore,240 ms,5058 kB/s
47.243.139.85,2083,true,HKG,Asia Pacific,Hong Kong,114 ms,5039 kB/s
8.219.67.133,8443,true,SIN,Asia Pacific,Singapore,225 ms,5037 kB/s
8.219.51.211,8443,true,SIN,Asia Pacific,Singapore,253 ms,5035 kB/s
8.219.139.13,2053,true,SIN,Asia Pacific,Singapore,210 ms,5017 kB/s
47.237.83.20,2096,true,SIN,Asia Pacific,Singapore,247 ms,5010 kB/s
47.242.176.237,2053,true,HKG,Asia Pacific,Hong Kong,104 ms,4987 kB/s
47.236.180.51,2087,true,SIN,Asia Pacific,Singapore,247 ms,4985 kB/s
8.219.113.232,2053,true,SIN,Asia Pacific,Singapore,238 ms,4978 kB/s
8.219.114.201,2096,true,SIN,Asia Pacific,Singapore,235 ms,4978 kB/s
8.219.83.201,2087,true,SIN,Asia Pacific,Singapore,232 ms,4970 kB/s
8.219.111.175,2083,true,SIN,Asia Pacific,Singapore,221 ms,4968 kB/s
47.236.146.249,2053,true,SIN,Asia Pacific,Singapore,220 ms,4962 kB/s
8.219.240.160,2053,true,SIN,Asia Pacific,Singapore,254 ms,4959 kB/s
8.219.111.175,2053,true,SIN,Asia Pacific,Singapore,234 ms,4959 kB/s
47.236.170.225,8443,true,SIN,Asia Pacific,Singapore,251 ms,4942 kB/s
8.219.161.129,2083,true,SIN,Asia Pacific,Singapore,297 ms,4936 kB/s
47.237.81.112,2096,true,SIN,Asia Pacific,Singapore,257 ms,4924 kB/s
8.218.3.12,2053,true,HKG,Asia Pacific,Hong Kong,71 ms,4913 kB/s
8.219.142.191,8443,true,SIN,Asia Pacific,Singapore,249 ms,4913 kB/s
47.237.8.82,2096,true,SIN,Asia Pacific,Singapore,256 ms,4912 kB/s
8.219.78.188,2096,true,SIN,Asia Pacific,Singapore,241 ms,4910 kB/s
8.222.184.198,2083,true,SIN,Asia Pacific,Singapore,222 ms,4907 kB/s
47.242.79.71,8443,true,HKG,Asia Pacific,Hong Kong,114 ms,4899 kB/s
8.219.191.40,8443,true,SIN,Asia Pacific,Singapore,235 ms,4897 kB/s
47.236.164.215,2083,true,SIN,Asia Pacific,Singapore,214 ms,4892 kB/s
8.222.179.231,8443,true,SIN,Asia Pacific,Singapore,226 ms,4888 kB/s
8.222.165.117,2087,true,SIN,Asia Pacific,Singapore,214 ms,4885 kB/s
47.236.80.110,2083,true,SIN,Asia Pacific,Singapore,308 ms,4885 kB/s
8.219.110.81,2096,true,SIN,Asia Pacific,Singapore,230 ms,4877 kB/s
47.243.173.187,8443,true,HKG,Asia Pacific,Hong Kong,227 ms,4873 kB/s
47.237.10.1,2096,true,SIN,Asia Pacific,Singapore,261 ms,4873 kB/s
47.236.117.48,2053,true,SIN,Asia Pacific,Singapore,243 ms,4872 kB/s
47.237.14.220,8443,true,SIN,Asia Pacific,Singapore,208 ms,4864 kB/s
8.219.97.50,2096,true,SIN,Asia Pacific,Singapore,241 ms,4848 kB/s
8.219.60.54,2096,true,SIN,Asia Pacific,Singapore,270 ms,4847 kB/s
8.217.232.246,8443,true,HKG,Asia Pacific,Hong Kong,172 ms,4821 kB/s
47.236.169.164,2053,true,SIN,Asia Pacific,Singapore,209 ms,4808 kB/s
47.236.102.102,2083,true,SIN,Asia Pacific,Singapore,269 ms,4808 kB/s
47.236.144.48,2087,true,SIN,Asia Pacific,Singapore,305 ms,4806 kB/s
8.222.237.131,2083,true,SIN,Asia Pacific,Singapore,302 ms,4806 kB/s
8.219.111.175,2096,true,SIN,Asia Pacific,Singapore,238 ms,4799 kB/s
47.236.102.102,8443,true,SIN,Asia Pacific,Singapore,217 ms,4788 kB/s
8.219.174.213,8443,true,SIN,Asia Pacific,Singapore,281 ms,4777 kB/s
47.237.0.31,2053,true,SIN,Asia Pacific,Singapore,216 ms,4776 kB/s
47.236.146.249,2087,true,SIN,Asia Pacific,Singapore,219 ms,4773 kB/s
47.236.93.176,2096,true,SIN,Asia Pacific,Singapore,229 ms,4772 kB/s
8.219.199.220,2053,true,SIN,Asia Pacific,Singapore,217 ms,4772 kB/s
8.222.167.147,2083,true,SIN,Asia Pacific,Singapore,231 ms,4764 kB/s
8.219.200.145,2096,true,SIN,Asia Pacific,Singapore,213 ms,4764 kB/s
47.237.82.15,8443,true,SIN,Asia Pacific,Singapore,229 ms,4751 kB/s
8.222.208.38,2087,true,SIN,Asia Pacific,Singapore,251 ms,4747 kB/s
47.237.100.206,8443,true,SIN,Asia Pacific,Singapore,232 ms,4744 kB/s
47.243.74.220,2087,true,HKG,Asia Pacific,Hong Kong,116 ms,4736 kB/s
47.237.82.15,2087,true,SIN,Asia Pacific,Singapore,227 ms,4721 kB/s
47.236.202.91,2096,true,SIN,Asia Pacific,Singapore,242 ms,4716 kB/s
47.237.86.185,2087,true,SIN,Asia Pacific,Singapore,237 ms,4688 kB/s
47.236.254.120,2087,true,SIN,Asia Pacific,Singapore,328 ms,4666 kB/s
8.222.180.86,2087,true,SIN,Asia Pacific,Singapore,237 ms,4664 kB/s
8.219.210.57,8443,true,SIN,Asia Pacific,Singapore,232 ms,4655 kB/s
8.219.4.122,8443,true,SIN,Asia Pacific,Singapore,225 ms,4655 kB/s
8.217.127.73,8443,true,HKG,Asia Pacific,Hong Kong,106 ms,4653 kB/s
8.222.249.190,2083,true,SIN,Asia Pacific,Singapore,217 ms,4647 kB/s
8.219.174.213,2096,true,SIN,Asia Pacific,Singapore,241 ms,4642 kB/s
8.222.244.192,2083,true,SIN,Asia Pacific,Singapore,220 ms,4626 kB/s
47.243.42.219,2053,true,HKG,Asia Pacific,Hong Kong,160 ms,4604 kB/s
47.236.180.51,2053,true,SIN,Asia Pacific,Singapore,214 ms,4584 kB/s
8.222.164.209,2083,true,SIN,Asia Pacific,Singapore,224 ms,4576 kB/s
47.236.80.110,2087,true,SIN,Asia Pacific,Singapore,351 ms,4555 kB/s
8.219.194.170,2087,true,SIN,Asia Pacific,Singapore,219 ms,4521 kB/s
8.219.174.213,2087,true,SIN,Asia Pacific,Singapore,260 ms,4521 kB/s
8.219.222.98,2087,true,SIN,Asia Pacific,Singapore,250 ms,4514 kB/s
8.210.156.6,2053,true,HKG,Asia Pacific,Hong Kong,193 ms,4511 kB/s
47.76.77.103,2053,true,HKG,Asia Pacific,Hong Kong,204 ms,4497 kB/s
8.218.243.95,2096,true,HKG,Asia Pacific,Hong Kong,59 ms,4492 kB/s
8.222.249.190,2053,true,SIN,Asia Pacific,Singapore,215 ms,4491 kB/s
8.219.199.220,2087,true,SIN,Asia Pacific,Singapore,218 ms,4466 kB/s
8.219.113.232,8443,true,SIN,Asia Pacific,Singapore,217 ms,4463 kB/s
8.222.214.231,2053,true,SIN,Asia Pacific,Singapore,232 ms,4460 kB/s
47.236.146.249,443,true,SIN,Asia Pacific,Singapore,222 ms,4447 kB/s
47.237.92.26,2087,true,SIN,Asia Pacific,Singapore,248 ms,4446 kB/s
47.236.170.225,2053,true,SIN,Asia Pacific,Singapore,224 ms,4427 kB/s
8.219.126.240,2083,true,SIN,Asia Pacific,Singapore,330 ms,4423 kB/s
47.236.158.158,2096,true,SIN,Asia Pacific,Singapore,237 ms,4418 kB/s
8.219.4.122,2083,true,SIN,Asia Pacific,Singapore,234 ms,4415 kB/s
47.237.83.20,2087,true,SIN,Asia Pacific,Singapore,246 ms,4412 kB/s
47.236.253.41,2053,true,SIN,Asia Pacific,Singapore,248 ms,4398 kB/s
8.218.3.12,8443,true,HKG,Asia Pacific,Hong Kong,63 ms,4395 kB/s
8.219.142.191,2083,true,SIN,Asia Pacific,Singapore,211 ms,4386 kB/s
8.222.134.170,2087,true,SIN,Asia Pacific,Singapore,209 ms,4358 kB/s
8.219.42.72,2096,true,SIN,Asia Pacific,Singapore,230 ms,4329 kB/s
47.237.8.82,2083,true,SIN,Asia Pacific,Singapore,229 ms,4328 kB/s
8.219.60.54,2087,true,SIN,Asia Pacific,Singapore,257 ms,4317 kB/s
8.210.39.96,2053,true,HKG,Asia Pacific,Hong Kong,123 ms,4299 kB/s
8.219.177.205,2096,true,SIN,Asia Pacific,Singapore,219 ms,4291 kB/s
8.219.248.47,8443,true,SIN,Asia Pacific,Singapore,234 ms,4288 kB/s
47.237.84.173,2053,true,SIN,Asia Pacific,Singapore,244 ms,4287 kB/s
47.237.81.112,8443,true,SIN,Asia Pacific,Singapore,222 ms,4284 kB/s
47.236.205.188,8443,true,SIN,Asia Pacific,Singapore,215 ms,4284 kB/s
47.236.180.24,2096,true,SIN,Asia Pacific,Singapore,231 ms,4281 kB/s
47.236.174.206,2053,true,SIN,Asia Pacific,Singapore,220 ms,4273 kB/s
47.236.254.120,2083,true,SIN,Asia Pacific,Singapore,320 ms,4272 kB/s
47.237.0.31,2087,true,SIN,Asia Pacific,Singapore,228 ms,4271 kB/s
47.242.79.71,2087,true,HKG,Asia Pacific,Hong Kong,83 ms,4264 kB/s
8.222.214.231,8443,true,SIN,Asia Pacific,Singapore,215 ms,4252 kB/s
8.219.161.129,8443,true,SIN,Asia Pacific,Singapore,286 ms,4252 kB/s
47.237.11.182,8443,true,SIN,Asia Pacific,Singapore,217 ms,4238 kB/s
8.219.191.40,2087,true,SIN,Asia Pacific,Singapore,222 ms,4235 kB/s
8.219.117.198,2083,true,SIN,Asia Pacific,Singapore,216 ms,4229 kB/s
47.236.93.176,2053,true,SIN,Asia Pacific,Singapore,233 ms,4218 kB/s
8.222.193.65,8443,true,SIN,Asia Pacific,Singapore,220 ms,4200 kB/s
8.219.120.87,8443,true,SIN,Asia Pacific,Singapore,229 ms,4191 kB/s
47.237.14.220,2096,true,SIN,Asia Pacific,Singapore,231 ms,4191 kB/s
8.218.243.95,2087,true,HKG,Asia Pacific,Hong Kong,64 ms,4187 kB/s
8.219.117.198,2053,true,SIN,Asia Pacific,Singapore,244 ms,4177 kB/s
8.219.126.240,2053,true,SIN,Asia Pacific,Singapore,283 ms,4176 kB/s
8.219.161.129,2087,true,SIN,Asia Pacific,Singapore,287 ms,4169 kB/s
8.219.51.211,2087,true,SIN,Asia Pacific,Singapore,270 ms,4169 kB/s
8.222.156.242,2087,true,SIN,Asia Pacific,Singapore,228 ms,4167 kB/s
47.236.10.182,8443,true,SIN,Asia Pacific,Singapore,226 ms,4162 kB/s
8.219.60.54,2053,true,SIN,Asia Pacific,Singapore,272 ms,4146 kB/s
8.219.126.240,2096,true,SIN,Asia Pacific,Singapore,281 ms,4144 kB/s
8.222.162.45,2087,true,SIN,Asia Pacific,Singapore,225 ms,4120 kB/s
8.222.244.192,2087,true,SIN,Asia Pacific,Singapore,227 ms,4101 kB/s
47.236.9.152,2096,true,SIN,Asia Pacific,Singapore,238 ms,4092 kB/s
8.218.3.12,2096,true,HKG,Asia Pacific,Hong Kong,69 ms,4092 kB/s
47.242.171.94,2053,true,HKG,Asia Pacific,Hong Kong,82 ms,4089 kB/s
8.219.199.220,8443,true,SIN,Asia Pacific,Singapore,218 ms,4085 kB/s
8.218.243.95,2053,true,HKG,Asia Pacific,Hong Kong,66 ms,4074 kB/s
47.237.8.82,8443,true,SIN,Asia Pacific,Singapore,244 ms,4062 kB/s
47.237.95.146,2087,true,SIN,Asia Pacific,Singapore,242 ms,4062 kB/s
47.236.118.216,2087,true,SIN,Asia Pacific,Singapore,255 ms,4060 kB/s
8.219.174.213,2053,true,SIN,Asia Pacific,Singapore,278 ms,4059 kB/s
47.236.253.41,2087,true,SIN,Asia Pacific,Singapore,246 ms,4045 kB/s
47.76.94.15,2053,true,HKG,Asia Pacific,Hong Kong,296 ms,4044 kB/s
8.219.189.143,2096,true,SIN,Asia Pacific,Singapore,244 ms,4034 kB/s
47.243.203.119,2087,true,HKG,Asia Pacific,Hong Kong,94 ms,4027 kB/s
47.238.164.202,443,true,HKG,Asia Pacific,Hong Kong,78 ms,4021 kB/s
47.236.117.48,2087,true,SIN,Asia Pacific,Singapore,239 ms,4017 kB/s
47.243.203.119,8443,true,HKG,Asia Pacific,Hong Kong,93 ms,4009 kB/s
8.219.11.158,2087,true,SIN,Asia Pacific,Singapore,218 ms,3990 kB/s
47.236.180.24,2087,true,SIN,Asia Pacific,Singapore,237 ms,3988 kB/s
8.219.210.64,2083,true,SIN,Asia Pacific,Singapore,242 ms,3985 kB/s
8.222.183.242,8443,true,SIN,Asia Pacific,Singapore,222 ms,3979 kB/s
8.219.120.87,2083,true,SIN,Asia Pacific,Singapore,247 ms,3974 kB/s
47.236.158.158,2083,true,SIN,Asia Pacific,Singapore,232 ms,3964 kB/s
47.236.117.48,2083,true,SIN,Asia Pacific,Singapore,262 ms,3964 kB/s
47.237.8.82,2053,true,SIN,Asia Pacific,Singapore,241 ms,3963 kB/s
47.243.74.220,2096,true,HKG,Asia Pacific,Hong Kong,106 ms,3961 kB/s
47.236.180.51,2096,true,SIN,Asia Pacific,Singapore,232 ms,3959 kB/s
8.222.193.65,2087,true,SIN,Asia Pacific,Singapore,248 ms,3959 kB/s
8.222.183.242,2087,true,SIN,Asia Pacific,Singapore,241 ms,3948 kB/s
8.222.156.242,2096,true,SIN,Asia Pacific,Singapore,231 ms,3945 kB/s
8.219.174.213,2083,true,SIN,Asia Pacific,Singapore,253 ms,3903 kB/s
47.236.10.182,2087,true,SIN,Asia Pacific,Singapore,230 ms,3887 kB/s
8.222.208.38,8443,true,SIN,Asia Pacific,Singapore,249 ms,3886 kB/s
47.236.180.51,8443,true,SIN,Asia Pacific,Singapore,217 ms,3881 kB/s
8.222.181.117,2083,true,SIN,Asia Pacific,Singapore,219 ms,3880 kB/s
47.237.10.1,8443,true,SIN,Asia Pacific,Singapore,245 ms,3878 kB/s
8.219.1.92,2053,true,SIN,Asia Pacific,Singapore,260 ms,3874 kB/s
47.236.117.48,8443,true,SIN,Asia Pacific,Singapore,228 ms,3852 kB/s
8.222.208.38,443,true,SIN,Asia Pacific,Singapore,238 ms,3846 kB/s
47.236.253.41,2096,true,SIN,Asia Pacific,Singapore,245 ms,3845 kB/s
8.218.243.95,2083,true,HKG,Asia Pacific,Hong Kong,61 ms,3827 kB/s
8.219.153.237,2087,true,NRT,Asia Pacific,Tokyo,402 ms,3826 kB/s
8.222.183.242,2096,true,SIN,Asia Pacific,Singapore,240 ms,3817 kB/s
47.236.125.62,2096,true,NRT,Asia Pacific,Tokyo,392 ms,3805 kB/s
8.219.177.205,2053,true,SIN,Asia Pacific,Singapore,239 ms,3800 kB/s
8.222.208.38,2083,true,SIN,Asia Pacific,Singapore,258 ms,3793 kB/s
47.245.118.70,2087,true,SIN,Asia Pacific,Singapore,236 ms,3793 kB/s
8.219.117.198,8443,true,SIN,Asia Pacific,Singapore,221 ms,3786 kB/s
8.219.200.145,2087,true,SIN,Asia Pacific,Singapore,231 ms,3769 kB/s
8.219.42.72,443,true,SIN,Asia Pacific,Singapore,222 ms,3734 kB/s
47.245.105.224,8443,true,SIN,Asia Pacific,Singapore,254 ms,3731 kB/s
47.236.118.216,8443,true,SIN,Asia Pacific,Singapore,225 ms,3730 kB/s
8.219.83.71,2096,true,SIN,Asia Pacific,Singapore,256 ms,3727 kB/s
8.217.221.165,2087,true,HKG,Asia Pacific,Hong Kong,201 ms,3722 kB/s
47.236.80.110,2096,true,SIN,Asia Pacific,Singapore,336 ms,3721 kB/s
8.219.4.122,2053,true,SIN,Asia Pacific,Singapore,235 ms,3709 kB/s
8.210.9.129,8443,true,HKG,Asia Pacific,Hong Kong,134 ms,3692 kB/s
8.219.6.150,8443,true,SIN,Asia Pacific,Singapore,217 ms,3691 kB/s
8.222.179.231,2083,true,SIN,Asia Pacific,Singapore,229 ms,3689 kB/s
47.237.83.20,8443,true,SIN,Asia Pacific,Singapore,241 ms,3682 kB/s
47.237.94.140,2083,true,SIN,Asia Pacific,Singapore,232 ms,3666 kB/s
8.222.214.231,2083,true,SIN,Asia Pacific,Singapore,237 ms,3656 kB/s
8.222.208.38,2096,true,SIN,Asia Pacific,Singapore,238 ms,3640 kB/s
8.222.191.138,2087,true,SIN,Asia Pacific,Singapore,242 ms,3631 kB/s
47.236.125.62,2053,true,NRT,Asia Pacific,Tokyo,289 ms,3621 kB/s
8.222.179.231,2096,true,SIN,Asia Pacific,Singapore,233 ms,3605 kB/s
47.236.174.206,2083,true,SIN,Asia Pacific,Singapore,240 ms,3599 kB/s
8.218.3.12,2083,true,HKG,Asia Pacific,Hong Kong,70 ms,3597 kB/s
8.219.77.222,2083,true,SIN,Asia Pacific,Singapore,220 ms,3597 kB/s
47.237.82.15,2096,true,SIN,Asia Pacific,Singapore,225 ms,3589 kB/s
8.219.49.65,2087,true,SIN,Asia Pacific,Singapore,217 ms,3587 kB/s
8.219.114.201,2053,true,SIN,Asia Pacific,Singapore,217 ms,3577 kB/s
47.236.125.62,2087,true,NRT,Asia Pacific,Tokyo,361 ms,3564 kB/s
8.219.191.40,2096,true,SIN,Asia Pacific,Singapore,222 ms,3552 kB/s
47.236.93.176,8443,true,SIN,Asia Pacific,Singapore,231 ms,3541 kB/s
8.217.232.246,2096,true,HKG,Asia Pacific,Hong Kong,123 ms,3519 kB/s
47.236.93.176,2087,true,SIN,Asia Pacific,Singapore,236 ms,3506 kB/s
47.242.157.96,2083,true,HKG,Asia Pacific,Hong Kong,85 ms,3499 kB/s
8.219.153.237,8443,true,NRT,Asia Pacific,Tokyo,411 ms,3499 kB/s
8.219.66.156,8443,true,NRT,Asia Pacific,Tokyo,305 ms,3479 kB/s
8.222.156.242,8443,true,SIN,Asia Pacific,Singapore,215 ms,3458 kB/s
47.237.84.173,2083,true,SIN,Asia Pacific,Singapore,222 ms,3424 kB/s
47.236.144.156,8443,true,SIN,Asia Pacific,Singapore,331 ms,3392 kB/s
8.219.99.169,2083,true,SIN,Asia Pacific,Singapore,218 ms,3370 kB/s
8.210.245.224,2053,true,HKG,Asia Pacific,Hong Kong,106 ms,3362 kB/s
8.219.114.201,2083,true,SIN,Asia Pacific,Singapore,238 ms,3342 kB/s
47.237.14.220,2087,true,SIN,Asia Pacific,Singapore,227 ms,3314 kB/s
47.236.125.62,8443,true,NRT,Asia Pacific,Tokyo,490 ms,3310 kB/s
8.219.114.201,2087,true,SIN,Asia Pacific,Singapore,217 ms,3305 kB/s
47.237.86.185,8443,true,SIN,Asia Pacific,Singapore,246 ms,3305 kB/s
8.222.164.209,443,true,SIN,Asia Pacific,Singapore,213 ms,3299 kB/s
8.219.42.72,2053,true,SIN,Asia Pacific,Singapore,230 ms,3289 kB/s
47.236.145.85,2053,true,SIN,Asia Pacific,Singapore,228 ms,3282 kB/s
8.219.153.237,2083,true,NRT,Asia Pacific,Tokyo,312 ms,3226 kB/s
8.219.77.222,2096,true,SIN,Asia Pacific,Singapore,221 ms,3224 kB/s
8.219.4.122,2087,true,SIN,Asia Pacific,Singapore,228 ms,3222 kB/s
8.222.181.117,2096,true,SIN,Asia Pacific,Singapore,222 ms,3212 kB/s
47.236.237.90,2083,true,SIN,Asia Pacific,Singapore,253 ms,3100 kB/s
47.236.167.231,2053,true,SIN,Asia Pacific,Singapore,237 ms,3093 kB/s
47.236.102.102,2087,true,SIN,Asia Pacific,Singapore,230 ms,3072 kB/s
47.237.84.173,8443,true,SIN,Asia Pacific,Singapore,225 ms,3068 kB/s
47.236.85.11,8443,true,SIN,Asia Pacific,Singapore,311 ms,3068 kB/s
47.236.117.48,443,true,SIN,Asia Pacific,Singapore,246 ms,3042 kB/s
8.219.153.237,2096,true,NRT,Asia Pacific,Tokyo,391 ms,3038 kB/s
47.237.0.31,2096,true,SIN,Asia Pacific,Singapore,232 ms,3036 kB/s
8.219.66.156,2053,true,NRT,Asia Pacific,Tokyo,284 ms,2924 kB/s
8.222.249.190,8443,true,SIN,Asia Pacific,Singapore,213 ms,2918 kB/s
47.236.102.102,2053,true,SIN,Asia Pacific,Singapore,210 ms,2885 kB/s
8.219.248.47,2083,true,SIN,Asia Pacific,Singapore,230 ms,2882 kB/s
8.210.9.129,2083,true,HKG,Asia Pacific,Hong Kong,136 ms,2863 kB/s
47.237.92.26,8443,true,SIN,Asia Pacific,Singapore,254 ms,2843 kB/s
8.218.3.12,2087,true,HKG,Asia Pacific,Hong Kong,65 ms,2840 kB/s
8.217.90.154,443,true,HKG,Asia Pacific,Hong Kong,109 ms,2831 kB/s
8.219.66.156,2096,true,NRT,Asia Pacific,Tokyo,316 ms,2799 kB/s
47.245.105.224,2083,true,SIN,Asia Pacific,Singapore,243 ms,2693 kB/s
47.237.86.185,2096,true,SIN,Asia Pacific,Singapore,226 ms,2680 kB/s
47.245.126.151,2083,true,SIN,Asia Pacific,Singapore,245 ms,2674 kB/s
8.210.175.109,2083,true,HKG,Asia Pacific,Hong Kong,128 ms,2648 kB/s
47.76.77.103,2087,true,HKG,Asia Pacific,Hong Kong,143 ms,2632 kB/s
8.219.229.190,2087,true,SIN,Asia Pacific,Singapore,230 ms,2597 kB/s
47.245.84.124,2087,true,SIN,Asia Pacific,Singapore,256 ms,2556 kB/s
8.219.200.145,2083,true,SIN,Asia Pacific,Singapore,221 ms,2533 kB/s
47.245.84.124,2083,true,SIN,Asia Pacific,Singapore,239 ms,2499 kB/s
47.236.237.90,2096,true,SIN,Asia Pacific,Singapore,229 ms,2472 kB/s
47.236.170.225,2096,true,SIN,Asia Pacific,Singapore,244 ms,2463 kB/s
47.76.77.103,2096,true,HKG,Asia Pacific,Hong Kong,159 ms,2442 kB/s
8.219.153.237,2053,true,NRT,Asia Pacific,Tokyo,376 ms,2384 kB/s
47.237.100.206,2087,true,SIN,Asia Pacific,Singapore,217 ms,2345 kB/s
8.210.245.224,2087,true,HKG,Asia Pacific,Hong Kong,101 ms,2173 kB/s
8.222.208.38,2053,true,SIN,Asia Pacific,Singapore,268 ms,2159 kB/s
8.210.48.107,8443,true,HKG,Asia Pacific,Hong Kong,111 ms,2113 kB/s
47.236.180.51,2083,true,SIN,Asia Pacific,Singapore,261 ms,2105 kB/s
8.218.204.128,2096,true,HKG,Asia Pacific,Hong Kong,68 ms,1942 kB/s
47.76.94.15,2096,true,HKG,Asia Pacific,Hong Kong,318 ms,1928 kB/s
47.237.94.140,8443,true,SIN,Asia Pacific,Singapore,242 ms,1912 kB/s
47.237.95.13,8443,true,SIN,Asia Pacific,Singapore,288 ms,1900 kB/s
8.219.200.145,2053,true,SIN,Asia Pacific,Singapore,238 ms,1862 kB/s
47.242.17.250,2083,true,HKG,Asia Pacific,Hong Kong,161 ms,1811 kB/s
8.218.122.55,8443,true,HKG,Asia Pacific,Hong Kong,80 ms,1807 kB/s
8.210.156.6,2087,true,HKG,Asia Pacific,Hong Kong,138 ms,1787 kB/s
47.237.95.156,8443,true,SIN,Asia Pacific,Singapore,214 ms,1753 kB/s
8.210.9.129,443,true,HKG,Asia Pacific,Hong Kong,141 ms,1720 kB/s
8.210.9.129,2087,true,HKG,Asia Pacific,Hong Kong,157 ms,1692 kB/s
8.210.39.96,2087,true,HKG,Asia Pacific,Hong Kong,105 ms,1610 kB/s
47.236.125.62,2083,true,NRT,Asia Pacific,Tokyo,282 ms,1556 kB/s
8.217.250.222,2096,true,HKG,Asia Pacific,Hong Kong,108 ms,1447 kB/s
47.237.95.13,2087,true,SIN,Asia Pacific,Singapore,260 ms,1404 kB/s
8.218.243.95,8443,true,HKG,Asia Pacific,Hong Kong,59 ms,1237 kB/s
47.243.90.180,2096,true,HKG,Asia Pacific,Hong Kong,126 ms,1168 kB/s
8.210.119.11,2096,true,HKG,Asia Pacific,Hong Kong,189 ms,1163 kB/s
8.218.204.128,2087,true,HKG,Asia Pacific,Hong Kong,64 ms,1132 kB/s
47.243.27.217,2096,true,HKG,Asia Pacific,Hong Kong,183 ms,1111 kB/s
47.76.33.40,2087,true,HKG,Asia Pacific,Hong Kong,192 ms,773 kB/s
47.237.94.140,2087,true,SIN,Asia Pacific,Singapore,266 ms,758 kB/s
47.237.95.156,2096,true,SIN,Asia Pacific,Singapore,235 ms,755 kB/s
8.210.192.93,2087,true,HKG,Asia Pacific,Hong Kong,127 ms,748 kB/s
47.76.32.108,2083,true,HKG,Asia Pacific,Hong Kong,125 ms,611 kB/s
8.219.191.110,2087,true,SIN,Asia Pacific,Singapore,217 ms,608 kB/s
47.76.146.1,8443,true,HKG,Asia Pacific,Hong Kong,162 ms,547 kB/s
47.245.84.124,8443,true,SIN,Asia Pacific,Singapore,231 ms,534 kB/s
47.76.32.108,2053,true,HKG,Asia Pacific,Hong Kong,130 ms,493 kB/s
47.245.114.163,2087,true,SIN,Asia Pacific,Singapore,253 ms,480 kB/s
47.245.86.230,2096,true,SIN,Asia Pacific,Singapore,236 ms,470 kB/s
47.76.146.1,2053,true,HKG,Asia Pacific,Hong Kong,131 ms,467 kB/s
47.243.183.127,2087,true,HKG,Asia Pacific,Hong Kong,139 ms,422 kB/s
47.76.32.108,8443,true,HKG,Asia Pacific,Hong Kong,171 ms,371 kB/s
8.218.204.128,8443,true,HKG,Asia Pacific,Hong Kong,70 ms,367 kB/s
47.243.90.180,2053,true,HKG,Asia Pacific,Hong Kong,145 ms,284 kB/s
47.76.32.108,2096,true,HKG,Asia Pacific,Hong Kong,180 ms,223 kB/s
8.217.193.25,8443,true,HKG,Asia Pacific,Hong Kong,117 ms,217 kB/s
47.76.146.1,2087,true,HKG,Asia Pacific,Hong Kong,161 ms,211 kB/s
47.245.105.224,2053,true,SIN,Asia Pacific,Singapore,248 ms,185 kB/s
8.217.132.184,443,true,HKG,Asia Pacific,Hong Kong,262 ms,179 kB/s
8.219.106.156,443,true,SIN,Asia Pacific,Singapore,216 ms,173 kB/s
8.210.65.1,2083,true,HKG,Asia Pacific,Hong Kong,121 ms,109 kB/s
47.237.95.146,2096,true,SIN,Asia Pacific,Singapore,233 ms,99 kB/s
47.243.139.243,2096,true,HKG,Asia Pacific,Hong Kong,81 ms,96 kB/s
47.76.94.15,8443,true,HKG,Asia Pacific,Hong Kong,308 ms,39 kB/s
8.218.63.172,443,true,HKG,Asia Pacific,Hong Kong,102 ms,38 kB/s
47.245.86.230,2083,true,SIN,Asia Pacific,Singapore,238 ms,0 kB/s
47.76.146.1,2096,true,HKG,Asia Pacific,Hong Kong,161 ms,0 kB/s
47.76.146.1,2083,true,HKG,Asia Pacific,Hong Kong,128 ms,0 kB/s
8.222.164.209,2053,true,SIN,Asia Pacific,Singapore,222 ms,0 kB/s
47.236.146.249,2083,true,SIN,Asia Pacific,Singapore,219 ms,0 kB/s
47.245.102.52,2083,true,SIN,Asia Pacific,Singapore,232 ms,0 kB/s
8.210.21.65,2083,true,HKG,Asia Pacific,Hong Kong,129 ms,0 kB/s
47.236.254.120,8443,true,SIN,Asia Pacific,Singapore,347 ms,0 kB/s
47.236.253.41,2083,true,SIN,Asia Pacific,Singapore,249 ms,0 kB/s
47.76.49.246,8443,true,HKG,Asia Pacific,Hong Kong,139 ms,0 kB/s
47.236.145.85,2096,true,SIN,Asia Pacific,Singapore,222 ms,0 kB/s
8.217.250.222,2053,true,HKG,Asia Pacific,Hong Kong,85 ms,0 kB/s
47.243.74.220,2083,true,HKG,Asia Pacific,Hong Kong,136 ms,0 kB/s
8.210.92.27,443,true,HKG,Asia Pacific,Hong Kong,120 ms,0 kB/s
8.217.121.207,2087,true,HKG,Asia Pacific,Hong Kong,89 ms,0 kB/s
8.217.159.210,2087,true,HKG,Asia Pacific,Hong Kong,113 ms,0 kB/s
47.236.17.193,2087,true,SIN,Asia Pacific,Singapore,231 ms,0 kB/s
47.236.169.164,8443,true,SIN,Asia Pacific,Singapore,233 ms,0 kB/s
47.242.234.127,2053,true,HKG,Asia Pacific,Hong Kong,264 ms,0 kB/s
8.217.159.210,2083,true,HKG,Asia Pacific,Hong Kong,121 ms,0 kB/s
47.243.27.217,8443,true,HKG,Asia Pacific,Hong Kong,128 ms,0 kB/s
47.243.173.187,2083,true,HKG,Asia Pacific,Hong Kong,157 ms,0 kB/s
47.236.169.164,2083,true,SIN,Asia Pacific,Singapore,232 ms,0 kB/s
47.243.206.150,2087,true,HKG,Asia Pacific,Hong Kong,106 ms,0 kB/s
47.76.204.76,2096,true,HKG,Asia Pacific,Hong Kong,212 ms,0 kB/s
